,Unnamed: 0.1,Unnamed: 0,dateRep,day,month,year,cases,deaths,countriesAndTerritories,geoId,countryterritoryCode,popData2020,continentExp
330,661,10265,01/01/2021,1,1,2021,10270.0,420.0,Germany,DE,DEU,83166711,Europe
331,660,10264,02/01/2021,2,1,2021,10022.0,594.0,Germany,DE,DEU,83166711,Europe
332,659,10263,03/01/2021,3,1,2021,8830.0,497.0,Germany,DE,DEU,83166711,Europe
333,658,10262,04/01/2021,4,1,2021,14304.0,777.0,Germany,DE,DEU,83166711,Europe
334,657,10261,05/01/2021,5,1,2021,27431.0,1042.0,Germany,DE,DEU,83166711,Europe
335,656,10260,06/01/2021,6,1,2021,27959.0,921.0,Germany,DE,DEU,83166711,Europe
336,655,10259,07/01/2021,7,1,2021,26110.0,1032.0,Germany,DE,DEU,83166711,Europe
337,654,10258,08/01/2021,8,1,2021,24529.0,930.0,Germany,DE,DEU,83166711,Europe
338,653,10257,09/01/2021,9,1,2021,16666.0,604.0,Germany,DE,DEU,83166711,Europe
339,652,10256,10/01/2021,10,1,2021,8476.0,425.0,Germany,DE,DEU,83166711,Europe
340,651,10255,11/01/2021,11,1,2021,13479.0,588.0,Germany,DE,DEU,83166711,Europe
341,650,10254,12/01/2021,12,1,2021,22582.0,897.0,Germany,DE,DEU,83166711,Europe
342,649,10253,13/01/2021,13,1,2021,24105.0,967.0,Germany,DE,DEU,83166711,Europe
343,648,10252,14/01/2021,14,1,2021,20395.0,948.0,Germany,DE,DEU,83166711,Europe
344,647,10251,15/01/2021,15,1,2021,18303.0,822.0,Germany,DE,DEU,83166711,Europe
345,646,10250,16/01/2021,16,1,2021,13433.0,539.0,Germany,DE,DEU,83166711,Europe
346,645,10249,17/01/2021,17,1,2021,6595.0,326.0,Germany,DE,DEU,83166711,Europe
347,644,10248,18/01/2021,18,1,2021,9156.0,541.0,Germany,DE,DEU,83166711,Europe
348,643,10247,19/01/2021,19,1,2021,18463.0,766.0,Germany,DE,DEU,83166711,Europe
349,642,10246,20/01/2021,20,1,2021,19473.0,775.0,Germany,DE,DEU,83166711,Europe
350,641,10245,21/01/2021,21,1,2021,16813.0,715.0,Germany,DE,DEU,83166711,Europe
351,640,10244,22/01/2021,22,1,2021,15033.0,631.0,Germany,DE,DEU,83166711,Europe
352,639,10243,23/01/2021,23,1,2021,11570.0,445.0,Germany,DE,DEU,83166711,Europe
353,638,10242,24/01/2021,24,1,2021,5016.0,215.0,Germany,DE,DEU,83166711,Europe
354,637,10241,25/01/2021,25,1,2021,6747.0,429.0,Germany,DE,DEU,83166711,Europe
355,636,10240,26/01/2021,26,1,2021,15507.0,581.0,Germany,DE,DEU,83166711,Europe
356,635,10239,27/01/2021,27,1,2021,15814.0,619.0,Germany,DE,DEU,83166711,Europe
357,634,10238,28/01/2021,28,1,2021,13360.0,482.0,Germany,DE,DEU,83166711,Europe
358,633,10237,29/01/2021,29,1,2021,12567.0,478.0,Germany,DE,DEU,83166711,Europe
359,632,10236,30/01/2021,30,1,2021,9946.0,306.0,Germany,DE,DEU,83166711,Europe
360,631,10235,31/01/2021,31,1,2021,4208.0,189.0,Germany,DE,DEU,83166711,Europe
361,630,10234,01/02/2021,1,2,2021,5857.0,314.0,Germany,DE,DEU,83166711,Europe
362,629,10233,02/02/2021,2,2,2021,12297.0,396.0,Germany,DE,DEU,83166711,Europe
363,628,10232,03/02/2021,3,2,2021,13418.0,442.0,Germany,DE,DEU,83166711,Europe
364,627,10231,04/02/2021,4,2,2021,11504.0,442.0,Germany,DE,DEU,83166711,Europe
365,626,10230,05/02/2021,5,2,2021,10011.0,316.0,Germany,DE,DEU,83166711,Europe
366,625,10229,06/02/2021,6,2,2021,8380.0,242.0,Germany,DE,DEU,83166711,Europe
367,624,10228,07/02/2021,7,2,2021,3090.0,101.0,Germany,DE,DEU,83166711,Europe
368,623,10227,08/02/2021,8,2,2021,4184.0,241.0,Germany,DE,DEU,83166711,Europe
369,622,10226,09/02/2021,9,2,2021,9099.0,305.0,Germany,DE,DEU,83166711,Europe
370,621,10225,10/02/2021,10,2,2021,10278.0,305.0,Germany,DE,DEU,83166711,Europe
371,620,10224,11/02/2021,11,2,2021,9356.0,306.0,Germany,DE,DEU,83166711,Europe
372,619,10223,12/02/2021,12,2,2021,8542.0,253.0,Germany,DE,DEU,83166711,Europe
373,618,10222,13/02/2021,13,2,2021,5597.0,162.0,Germany,DE,DEU,83166711,Europe
374,617,10221,14/02/2021,14,2,2021,3762.0,106.0,Germany,DE,DEU,83166711,Europe
375,616,10220,15/02/2021,15,2,2021,4394.0,194.0,Germany,DE,DEU,83166711,Europe
376,615,10219,16/02/2021,16,2,2021,9249.0,292.0,Germany,DE,DEU,83166711,Europe
377,614,10218,17/02/2021,17,2,2021,10009.0,274.0,Germany,DE,DEU,83166711,Europe
378,613,10217,18/02/2021,18,2,2021,9231.0,241.0,Germany,DE,DEU,83166711,Europe
379,612,10216,19/02/2021,19,2,2021,8726.0,221.0,Germany,DE,DEU,83166711,Europe
380,611,10215,20/02/2021,20,2,2021,7779.0,158.0,Germany,DE,DEU,83166711,Europe
381,610,10214,21/02/2021,21,2,2021,3037.0,95.0,Germany,DE,DEU,83166711,Europe
382,609,10213,22/02/2021,22,2,2021,4413.0,182.0,Germany,DE,DEU,83166711,Europe
383,608,10212,23/02/2021,23,2,2021,10177.0,217.0,Germany,DE,DEU,83166711,Europe
384,607,10211,24/02/2021,24,2,2021,11306.0,232.0,Germany,DE,DEU,83166711,Europe
385,606,10210,25/02/2021,25,2,2021,9911.0,199.0,Germany,DE,DEU,83166711,Europe
386,605,10209,26/02/2021,26,2,2021,9468.0,184.0,Germany,DE,DEU,83166711,Europe
387,604,10208,27/02/2021,27,2,2021,7659.0,135.0,Germany,DE,DEU,83166711,Europe
388,603,10207,28/02/2021,28,2,2021,3453.0,73.0,Germany,DE,DEU,83166711,Europe
389,602,10206,01/03/2021,1,3,2021,4686.0,161.0,Germany,DE,DEU,83166711,Europe
390,601,10205,02/03/2021,2,3,2021,10962.0,197.0,Germany,DE,DEU,83166711,Europe
391,600,10204,03/03/2021,3,3,2021,11314.0,168.0,Germany,DE,DEU,83166711,Europe
392,599,10203,04/03/2021,4,3,2021,10137.0,166.0,Germany,DE,DEU,83166711,Europe
393,598,10202,05/03/2021,5,3,2021,9653.0,142.0,Germany,DE,DEU,83166711,Europe
394,597,10201,06/03/2021,6,3,2021,8298.0,133.0,Germany,DE,DEU,83166711,Europe
395,596,10200,07/03/2021,7,3,2021,3362.0,81.0,Germany,DE,DEU,83166711,Europe
396,595,10199,08/03/2021,8,3,2021,4846.0,135.0,Germany,DE,DEU,83166711,Europe
397,594,10198,09/03/2021,9,3,2021,11513.0,180.0,Germany,DE,DEU,83166711,Europe
398,593,10197,10/03/2021,10,3,2021,13995.0,208.0,Germany,DE,DEU,83166711,Europe
399,592,10196,11/03/2021,11,3,2021,13161.0,200.0,Germany,DE,DEU,83166711,Europe
400,591,10195,12/03/2021,12,3,2021,12552.0,173.0,Germany,DE,DEU,83166711,Europe
401,590,10194,13/03/2021,13,3,2021,10471.0,126.0,Germany,DE,DEU,83166711,Europe
402,589,10193,14/03/2021,14,3,2021,4837.0,75.0,Germany,DE,DEU,83166711,Europe
403,588,10192,15/03/2021,15,3,2021,6847.0,144.0,Germany,DE,DEU,83166711,Europe
404,587,10191,16/03/2021,16,3,2021,15793.0,234.0,Germany,DE,DEU,83166711,Europe
405,586,10190,17/03/2021,17,3,2021,18364.0,218.0,Germany,DE,DEU,83166711,Europe
406,585,10189,18/03/2021,18,3,2021,16738.0,236.0,Germany,DE,DEU,83166711,Europe
407,584,10188,19/03/2021,19,3,2021,15700.0,196.0,Germany,DE,DEU,83166711,Europe
408,583,10187,20/03/2021,20,3,2021,13224.0,144.0,Germany,DE,DEU,83166711,Europe
409,582,10186,21/03/2021,21,3,2021,5955.0,107.0,Germany,DE,DEU,83166711,Europe
410,581,10185,22/03/2021,22,3,2021,8909.0,161.0,Germany,DE,DEU,83166711,Europe
411,580,10184,23/03/2021,23,3,2021,19453.0,276.0,Germany,DE,DEU,83166711,Europe
412,579,10183,24/03/2021,24,3,2021,22654.0,267.0,Germany,DE,DEU,83166711,Europe
413,578,10182,25/03/2021,25,3,2021,21911.0,258.0,Germany,DE,DEU,83166711,Europe
414,577,10181,26/03/2021,26,3,2021,20041.0,258.0,Germany,DE,DEU,83166711,Europe
415,576,10180,27/03/2021,27,3,2021,15783.0,195.0,Germany,DE,DEU,83166711,Europe
416,575,10179,28/03/2021,28,3,2021,7589.0,110.0,Germany,DE,DEU,83166711,Europe
417,574,10178,29/03/2021,29,3,2021,10993.0,236.0,Germany,DE,DEU,83166711,Europe
418,573,10177,30/03/2021,30,3,2021,20386.0,289.0,Germany,DE,DEU,83166711,Europe
419,572,10176,31/03/2021,31,3,2021,23993.0,302.0,Germany,DE,DEU,83166711,Europe
420,571,10175,01/04/2021,1,4,2021,21453.0,255.0,Germany,DE,DEU,83166711,Europe
421,570,10174,02/04/2021,2,4,2021,15488.0,201.0,Germany,DE,DEU,83166711,Europe
422,569,10173,03/04/2021,3,4,2021,10629.0,176.0,Germany,DE,DEU,83166711,Europe
423,568,10172,04/04/2021,4,4,2021,7151.0,128.0,Germany,DE,DEU,83166711,Europe
424,567,10171,05/04/2021,5,4,2021,7041.0,164.0,Germany,DE,DEU,83166711,Europe
425,566,10170,06/04/2021,6,4,2021,11507.0,267.0,Germany,DE,DEU,83166711,Europe
426,565,10169,07/04/2021,7,4,2021,23730.0,292.0,Germany,DE,DEU,83166711,Europe
427,564,10168,08/04/2021,8,4,2021,25773.0,280.0,Germany,DE,DEU,83166711,Europe
428,563,10167,09/04/2021,9,4,2021,23300.0,251.0,Germany,DE,DEU,83166711,Europe
429,562,10166,10/04/2021,10,4,2021,18042.0,213.0,Germany,DE,DEU,83166711,Europe
430,561,10165,11/04/2021,11,4,2021,8850.0,114.0,Germany,DE,DEU,83166711,Europe
431,560,10164,12/04/2021,12,4,2021,12124.0,199.0,Germany,DE,DEU,83166711,Europe
432,559,10163,13/04/2021,13,4,2021,26735.0,290.0,Germany,DE,DEU,83166711,Europe
433,558,10162,14/04/2021,14,4,2021,28562.0,313.0,Germany,DE,DEU,83166711,Europe
434,557,10161,15/04/2021,15,4,2021,25078.0,260.0,Germany,DE,DEU,83166711,Europe
435,556,10160,16/04/2021,16,4,2021,23084.0,237.0,Germany,DE,DEU,83166711,Europe
436,555,10159,17/04/2021,17,4,2021,17691.0,195.0,Germany,DE,DEU,83166711,Europe
437,554,10158,18/04/2021,18,4,2021,8804.0,129.0,Germany,DE,DEU,83166711,Europe
438,553,10157,19/04/2021,19,4,2021,12306.0,218.0,Germany,DE,DEU,83166711,Europe
439,552,10156,20/04/2021,20,4,2021,27975.0,301.0,Germany,DE,DEU,83166711,Europe
440,551,10155,21/04/2021,21,4,2021,29371.0,290.0,Germany,DE,DEU,83166711,Europe
441,550,10154,22/04/2021,22,4,2021,25456.0,277.0,Germany,DE,DEU,83166711,Europe
442,549,10153,23/04/2021,23,4,2021,22980.0,248.0,Germany,DE,DEU,83166711,Europe
443,548,10152,24/04/2021,24,4,2021,18023.0,186.0,Germany,DE,DEU,83166711,Europe
444,547,10151,25/04/2021,25,4,2021,8666.0,99.0,Germany,DE,DEU,83166711,Europe
445,546,10150,26/04/2021,26,4,2021,12218.0,209.0,Germany,DE,DEU,83166711,Europe
446,545,10149,27/04/2021,27,4,2021,25267.0,243.0,Germany,DE,DEU,83166711,Europe
447,544,10148,28/04/2021,28,4,2021,25013.0,233.0,Germany,DE,DEU,83166711,Europe
448,543,10147,29/04/2021,29,4,2021,21439.0,206.0,Germany,DE,DEU,83166711,Europe
449,542,10146,30/04/2021,30,4,2021,19154.0,184.0,Germany,DE,DEU,83166711,Europe
450,541,10145,01/05/2021,1,5,2021,15067.0,135.0,Germany,DE,DEU,83166711,Europe
451,540,10144,02/05/2021,2,5,2021,6655.0,96.0,Germany,DE,DEU,83166711,Europe
452,539,10143,03/05/2021,3,5,2021,9122.0,140.0,Germany,DE,DEU,83166711,Europe
453,538,10142,04/05/2021,4,5,2021,20981.0,209.0,Germany,DE,DEU,83166711,Europe
454,537,10141,05/05/2021,5,5,2021,20853.0,190.0,Germany,DE,DEU,83166711,Europe
455,536,10140,06/05/2021,6,5,2021,17164.0,151.0,Germany,DE,DEU,83166711,Europe
456,535,10139,07/05/2021,7,5,2021,15471.0,156.0,Germany,DE,DEU,83166711,Europe
457,534,10138,08/05/2021,8,5,2021,12035.0,96.0,Germany,DE,DEU,83166711,Europe
458,533,10137,09/05/2021,9,5,2021,5319.0,70.0,Germany,DE,DEU,83166711,Europe
459,532,10136,10/05/2021,10,5,2021,7396.0,104.0,Germany,DE,DEU,83166711,Europe
460,531,10135,11/05/2021,11,5,2021,16751.0,142.0,Germany,DE,DEU,83166711,Europe
461,530,10134,12/05/2021,12,5,2021,16484.0,137.0,Germany,DE,DEU,83166711,Europe
462,529,10133,13/05/2021,13,5,2021,9665.0,73.0,Germany,DE,DEU,83166711,Europe
463,528,10132,14/05/2021,14,5,2021,7644.0,85.0,Germany,DE,DEU,83166711,Europe
464,527,10131,15/05/2021,15,5,2021,8598.0,83.0,Germany,DE,DEU,83166711,Europe
465,526,10130,16/05/2021,16,5,2021,4277.0,48.0,Germany,DE,DEU,83166711,Europe
466,525,10129,17/05/2021,17,5,2021,5252.0,82.0,Germany,DE,DEU,83166711,Europe
467,524,10128,18/05/2021,18,5,2021,12326.0,90.0,Germany,DE,DEU,83166711,Europe
468,523,10127,19/05/2021,19,5,2021,11311.0,75.0,Germany,DE,DEU,83166711,Europe
469,522,10126,20/05/2021,20,5,2021,8433.0,63.0,Germany,DE,DEU,83166711,Europe
470,521,10125,21/05/2021,21,5,2021,7582.0,68.0,Germany,DE,DEU,83166711,Europe
471,520,10124,22/05/2021,22,5,2021,5821.0,45.0,Germany,DE,DEU,83166711,Europe
472,519,10123,23/05/2021,23,5,2021,2002.0,23.0,Germany,DE,DEU,83166711,Europe
473,518,10122,24/05/2021,24,5,2021,1798.0,23.0,Germany,DE,DEU,83166711,Europe
474,517,10121,25/05/2021,25,5,2021,3671.0,52.0,Germany,DE,DEU,83166711,Europe
475,516,10120,26/05/2021,26,5,2021,7152.0,62.0,Germany,DE,DEU,83166711,Europe
476,515,10119,27/05/2021,27,5,2021,6800.0,44.0,Germany,DE,DEU,83166711,Europe
477,514,10118,28/05/2021,28,5,2021,5177.0,36.0,Germany,DE,DEU,83166711,Europe
478,513,10117,29/05/2021,29,5,2021,3689.0,27.0,Germany,DE,DEU,83166711,Europe
479,512,10116,30/05/2021,30,5,2021,1607.0,17.0,Germany,DE,DEU,83166711,Europe
480,511,10115,31/05/2021,31,5,2021,2439.0,25.0,Germany,DE,DEU,83166711,Europe
481,510,10114,01/06/2021,1,6,2021,5106.0,25.0,Germany,DE,DEU,83166711,Europe
482,509,10113,02/06/2021,2,6,2021,4487.0,32.0,Germany,DE,DEU,83166711,Europe
483,508,10112,03/06/2021,3,6,2021,2939.0,18.0,Germany,DE,DEU,83166711,Europe
484,507,10111,04/06/2021,4,6,2021,2275.0,14.0,Germany,DE,DEU,83166711,Europe
485,506,10110,05/06/2021,5,6,2021,2309.0,17.0,Germany,DE,DEU,83166711,Europe
486,505,10109,06/06/2021,6,6,2021,1136.0,10.0,Germany,DE,DEU,83166711,Europe
487,504,10108,07/06/2021,7,6,2021,1715.0,12.0,Germany,DE,DEU,83166711,Europe
488,503,10107,08/06/2021,8,6,2021,3537.0,12.0,Germany,DE,DEU,83166711,Europe
489,502,10106,09/06/2021,9,6,2021,2866.0,10.0,Germany,DE,DEU,83166711,Europe
490,501,10105,10/06/2021,10,6,2021,2282.0,10.0,Germany,DE,DEU,83166711,Europe
491,500,10104,11/06/2021,11,6,2021,1841.0,11.0,Germany,DE,DEU,83166711,Europe
492,499,10103,12/06/2021,12,6,2021,1311.0,4.0,Germany,DE,DEU,83166711,Europe
493,498,10102,13/06/2021,13,6,2021,516.0,7.0,Germany,DE,DEU,83166711,Europe
494,497,10101,14/06/2021,14,6,2021,934.0,14.0,Germany,DE,DEU,83166711,Europe
495,496,10100,15/06/2021,15,6,2021,1703.0,10.0,Germany,DE,DEU,83166711,Europe
496,495,10099,16/06/2021,16,6,2021,1445.0,9.0,Germany,DE,DEU,83166711,Europe
497,494,10098,17/06/2021,17,6,2021,1160.0,7.0,Germany,DE,DEU,83166711,Europe
498,493,10097,18/06/2021,18,6,2021,1033.0,4.0,Germany,DE,DEU,83166711,Europe
499,492,10096,19/06/2021,19,6,2021,737.0,0.0,Germany,DE,DEU,83166711,Europe
500,491,10095,20/06/2021,20,6,2021,276.0,2.0,Germany,DE,DEU,83166711,Europe
501,490,10094,21/06/2021,21,6,2021,609.0,5.0,Germany,DE,DEU,83166711,Europe
502,489,10093,22/06/2021,22,6,2021,1068.0,9.0,Germany,DE,DEU,83166711,Europe
503,488,10092,23/06/2021,23,6,2021,905.0,3.0,Germany,DE,DEU,83166711,Europe
504,487,10091,24/06/2021,24,6,2021,830.0,5.0,Germany,DE,DEU,83166711,Europe
505,486,10090,25/06/2021,25,6,2021,741.0,6.0,Germany,DE,DEU,83166711,Europe
506,485,10089,26/06/2021,26,6,2021,483.0,0.0,Germany,DE,DEU,83166711,Europe
507,484,10088,27/06/2021,27,6,2021,223.0,2.0,Germany,DE,DEU,83166711,Europe
508,483,10087,28/06/2021,28,6,2021,524.0,4.0,Germany,DE,DEU,83166711,Europe
509,482,10086,29/06/2021,29,6,2021,898.0,7.0,Germany,DE,DEU,83166711,Europe
510,481,10085,30/06/2021,30,6,2021,866.0,1.0,Germany,DE,DEU,83166711,Europe
511,480,10084,01/07/2021,1,7,2021,711.0,5.0,Germany,DE,DEU,83166711,Europe
512,479,10083,02/07/2021,2,7,2021,670.0,4.0,Germany,DE,DEU,83166711,Europe
513,478,10082,03/07/2021,3,7,2021,509.0,2.0,Germany,DE,DEU,83166711,Europe
514,477,10081,04/07/2021,4,7,2021,208.0,2.0,Germany,DE,DEU,83166711,Europe
515,476,10080,05/07/2021,5,7,2021,559.0,2.0,Germany,DE,DEU,83166711,Europe
516,475,10079,06/07/2021,6,7,2021,1065.0,5.0,Germany,DE,DEU,83166711,Europe
517,474,10078,07/07/2021,7,7,2021,961.0,3.0,Germany,DE,DEU,83166711,Europe
518,473,10077,08/07/2021,8,7,2021,957.0,2.0,Germany,DE,DEU,83166711,Europe
519,472,10076,09/07/2021,9,7,2021,949.0,7.0,Germany,DE,DEU,83166711,Europe
520,471,10075,10/07/2021,10,7,2021,791.0,6.0,Germany,DE,DEU,83166711,Europe
521,470,10074,11/07/2021,11,7,2021,311.0,0.0,Germany,DE,DEU,83166711,Europe
522,469,10073,12/07/2021,12,7,2021,803.0,4.0,Germany,DE,DEU,83166711,Europe
523,468,10072,13/07/2021,13,7,2021,1765.0,6.0,Germany,DE,DEU,83166711,Europe
524,467,10071,14/07/2021,14,7,2021,1627.0,6.0,Germany,DE,DEU,83166711,Europe
525,466,10070,15/07/2021,15,7,2021,1520.0,2.0,Germany,DE,DEU,83166711,Europe
526,465,10069,16/07/2021,16,7,2021,1620.0,3.0,Germany,DE,DEU,83166711,Europe
527,464,10068,17/07/2021,17,7,2021,1281.0,5.0,Germany,DE,DEU,83166711,Europe
528,463,10067,18/07/2021,18,7,2021,499.0,3.0,Germany,DE,DEU,83166711,Europe
529,462,10066,19/07/2021,19,7,2021,1431.0,4.0,Germany,DE,DEU,83166711,Europe
530,461,10065,20/07/2021,20,7,2021,2341.0,9.0,Germany,DE,DEU,83166711,Europe
531,460,10064,21/07/2021,21,7,2021,2297.0,7.0,Germany,DE,DEU,83166711,Europe
532,459,10063,22/07/2021,22,7,2021,2225.0,5.0,Germany,DE,DEU,83166711,Europe
533,458,10062,23/07/2021,23,7,2021,2121.0,4.0,Germany,DE,DEU,83166711,Europe
534,457,10061,24/07/2021,24,7,2021,1594.0,10.0,Germany,DE,DEU,83166711,Europe
535,456,10060,25/07/2021,25,7,2021,638.0,1.0,Germany,DE,DEU,83166711,Europe
536,455,10059,26/07/2021,26,7,2021,1663.0,5.0,Germany,DE,DEU,83166711,Europe
537,454,10058,27/07/2021,27,7,2021,3098.0,7.0,Germany,DE,DEU,83166711,Europe
538,453,10057,28/07/2021,28,7,2021,2846.0,20.0,Germany,DE,DEU,83166711,Europe
539,452,10056,29/07/2021,29,7,2021,2638.0,10.0,Germany,DE,DEU,83166711,Europe
540,451,10055,30/07/2021,30,7,2021,2530.0,14.0,Germany,DE,DEU,83166711,Europe
541,450,10054,31/07/2021,31,7,2021,1964.0,9.0,Germany,DE,DEU,83166711,Europe
542,449,10053,01/08/2021,1,8,2021,783.0,6.0,Germany,DE,DEU,83166711,Europe
543,448,10052,02/08/2021,2,8,2021,2118.0,12.0,Germany,DE,DEU,83166711,Europe
544,447,10051,03/08/2021,3,8,2021,3757.0,12.0,Germany,DE,DEU,83166711,Europe
545,446,10050,04/08/2021,4,8,2021,3544.0,11.0,Germany,DE,DEU,83166711,Europe
546,445,10049,05/08/2021,5,8,2021,3531.0,16.0,Germany,DE,DEU,83166711,Europe
547,444,10048,06/08/2021,6,8,2021,3539.0,18.0,Germany,DE,DEU,83166711,Europe
548,443,10047,07/08/2021,7,8,2021,2792.0,14.0,Germany,DE,DEU,83166711,Europe
549,442,10046,08/08/2021,8,8,2021,1141.0,6.0,Germany,DE,DEU,83166711,Europe
550,441,10045,09/08/2021,9,8,2021,2925.0,18.0,Germany,DE,DEU,83166711,Europe
551,440,10044,10/08/2021,10,8,2021,5559.0,24.0,Germany,DE,DEU,83166711,Europe
552,439,10043,11/08/2021,11,8,2021,5648.0,23.0,Germany,DE,DEU,83166711,Europe
553,438,10042,12/08/2021,12,8,2021,5444.0,28.0,Germany,DE,DEU,83166711,Europe
554,437,10041,13/08/2021,13,8,2021,5785.0,18.0,Germany,DE,DEU,83166711,Europe
555,436,10040,14/08/2021,14,8,2021,4637.0,20.0,Germany,DE,DEU,83166711,Europe
556,435,10039,15/08/2021,15,8,2021,2073.0,13.0,Germany,DE,DEU,83166711,Europe
557,434,10038,16/08/2021,16,8,2021,4521.0,23.0,Germany,DE,DEU,83166711,Europe
558,433,10037,17/08/2021,17,8,2021,8921.0,37.0,Germany,DE,DEU,83166711,Europe
559,432,10036,18/08/2021,18,8,2021,8757.0,45.0,Germany,DE,DEU,83166711,Europe
560,431,10035,19/08/2021,19,8,2021,8686.0,36.0,Germany,DE,DEU,83166711,Europe
561,430,10034,20/08/2021,20,8,2021,8837.0,35.0,Germany,DE,DEU,83166711,Europe
562,429,10033,21/08/2021,21,8,2021,6823.0,27.0,Germany,DE,DEU,83166711,Europe
563,428,10032,22/08/2021,22,8,2021,3100.0,21.0,Germany,DE,DEU,83166711,Europe
564,427,10031,23/08/2021,23,8,2021,6581.0,48.0,Germany,DE,DEU,83166711,Europe
565,426,10030,24/08/2021,24,8,2021,12897.0,57.0,Germany,DE,DEU,83166711,Europe
566,425,10029,25/08/2021,25,8,2021,12718.0,59.0,Germany,DE,DEU,83166711,Europe
567,424,10028,26/08/2021,26,8,2021,11627.0,51.0,Germany,DE,DEU,83166711,Europe
568,423,10027,27/08/2021,27,8,2021,10403.0,53.0,Germany,DE,DEU,83166711,Europe
569,422,10026,28/08/2021,28,8,2021,8407.0,54.0,Germany,DE,DEU,83166711,Europe
570,421,10025,29/08/2021,29,8,2021,3738.0,29.0,Germany,DE,DEU,83166711,Europe
571,420,10024,30/08/2021,30,8,2021,7089.0,54.0,Germany,DE,DEU,83166711,Europe
572,419,10023,31/08/2021,31,8,2021,14581.0,77.0,Germany,DE,DEU,83166711,Europe
573,418,10022,01/09/2021,1,9,2021,14741.0,71.0,Germany,DE,DEU,83166711,Europe
574,417,10021,02/09/2021,2,9,2021,12721.0,79.0,Germany,DE,DEU,83166711,Europe
575,416,10020,03/09/2021,3,9,2021,12073.0,65.0,Germany,DE,DEU,83166711,Europe
576,415,10019,04/09/2021,4,9,2021,9485.0,60.0,Germany,DE,DEU,83166711,Europe
577,414,10018,05/09/2021,5,9,2021,4048.0,24.0,Germany,DE,DEU,83166711,Europe
578,413,10017,06/09/2021,6,9,2021,7014.0,70.0,Germany,DE,DEU,83166711,Europe
579,412,10016,07/09/2021,7,9,2021,15124.0,89.0,Germany,DE,DEU,83166711,Europe
580,411,10015,08/09/2021,8,9,2021,14158.0,61.0,Germany,DE,DEU,83166711,Europe
581,410,10014,09/09/2021,9,9,2021,12390.0,74.0,Germany,DE,DEU,83166711,Europe
582,409,10013,10/09/2021,10,9,2021,11144.0,71.0,Germany,DE,DEU,83166711,Europe
583,408,10012,11/09/2021,11,9,2021,8552.0,58.0,Germany,DE,DEU,83166711,Europe
584,407,10011,12/09/2021,12,9,2021,3283.0,25.0,Germany,DE,DEU,83166711,Europe
585,406,10010,13/09/2021,13,9,2021,6883.0,58.0,Germany,DE,DEU,83166711,Europe
586,405,10009,14/09/2021,14,9,2021,13395.0,76.0,Germany,DE,DEU,83166711,Europe
587,404,10008,15/09/2021,15,9,2021,12223.0,82.0,Germany,DE,DEU,83166711,Europe
588,403,10007,16/09/2021,16,9,2021,10274.0,52.0,Germany,DE,DEU,83166711,Europe
589,402,10006,17/09/2021,17,9,2021,8884.0,56.0,Germany,DE,DEU,83166711,Europe
590,401,10005,18/09/2021,18,9,2021,7038.0,37.0,Germany,DE,DEU,83166711,Europe
591,400,10004,19/09/2021,19,9,2021,2780.0,23.0,Germany,DE,DEU,83166711,Europe
592,399,10003,20/09/2021,20,9,2021,5407.0,57.0,Germany,DE,DEU,83166711,Europe
593,398,10002,21/09/2021,21,9,2021,11256.0,57.0,Germany,DE,DEU,83166711,Europe
594,397,10001,22/09/2021,22,9,2021,10458.0,59.0,Germany,DE,DEU,83166711,Europe
595,396,10000,23/09/2021,23,9,2021,9088.0,52.0,Germany,DE,DEU,83166711,Europe
596,395,9999,24/09/2021,24,9,2021,8409.0,58.0,Germany,DE,DEU,83166711,Europe
597,394,9998,25/09/2021,25,9,2021,6349.0,43.0,Germany,DE,DEU,83166711,Europe
598,393,9997,26/09/2021,26,9,2021,2647.0,25.0,Germany,DE,DEU,83166711,Europe
599,392,9996,27/09/2021,27,9,2021,5772.0,62.0,Germany,DE,DEU,83166711,Europe
600,391,9995,28/09/2021,28,9,2021,12649.0,67.0,Germany,DE,DEU,83166711,Europe
601,390,9994,29/09/2021,29,9,2021,11378.0,82.0,Germany,DE,DEU,83166711,Europe
602,389,9993,30/09/2021,30,9,2021,9497.0,67.0,Germany,DE,DEU,83166711,Europe
603,388,9992,01/10/2021,1,10,2021,8387.0,65.0,Germany,DE,DEU,83166711,Europe
604,387,9991,02/10/2021,2,10,2021,6152.0,52.0,Germany,DE,DEU,83166711,Europe
605,386,9990,03/10/2021,3,10,2021,2649.0,26.0,Germany,DE,DEU,83166711,Europe
606,385,9989,04/10/2021,4,10,2021,5670.0,61.0,Germany,DE,DEU,83166711,Europe
607,384,9988,05/10/2021,5,10,2021,12219.0,93.0,Germany,DE,DEU,83166711,Europe
608,383,9987,06/10/2021,6,10,2021,11113.0,96.0,Germany,DE,DEU,83166711,Europe
609,382,9986,07/10/2021,7,10,2021,10140.0,80.0,Germany,DE,DEU,83166711,Europe
610,381,9985,08/10/2021,8,10,2021,9221.0,71.0,Germany,DE,DEU,83166711,Europe
611,380,9984,09/10/2021,9,10,2021,7019.0,49.0,Germany,DE,DEU,83166711,Europe
612,379,9983,10/10/2021,10,10,2021,2635.0,37.0,Germany,DE,DEU,83166711,Europe
613,378,9982,11/10/2021,11,10,2021,6261.0,81.0,Germany,DE,DEU,83166711,Europe
614,377,9981,12/10/2021,12,10,2021,12646.0,104.0,Germany,DE,DEU,83166711,Europe
615,376,9980,13/10/2021,13,10,2021,12056.0,95.0,Germany,DE,DEU,83166711,Europe
616,375,9979,14/10/2021,14,10,2021,11340.0,91.0,Germany,DE,DEU,83166711,Europe
617,374,9978,15/10/2021,15,10,2021,11152.0,106.0,Germany,DE,DEU,83166711,Europe
618,373,9977,16/10/2021,16,10,2021,8490.0,58.0,Germany,DE,DEU,83166711,Europe
619,372,9976,17/10/2021,17,10,2021,3410.0,43.0,Germany,DE,DEU,83166711,Europe
620,371,9975,18/10/2021,18,10,2021,8141.0,137.0,Germany,DE,DEU,83166711,Europe
621,370,9974,19/10/2021,19,10,2021,19162.0,186.0,Germany,DE,DEU,83166711,Europe
622,369,9973,20/10/2021,20,10,2021,17979.0,154.0,Germany,DE,DEU,83166711,Europe
623,368,9972,21/10/2021,21,10,2021,17299.0,188.0,Germany,DE,DEU,83166711,Europe
624,367,9971,22/10/2021,22,10,2021,16676.0,177.0,Germany,DE,DEU,83166711,Europe
625,366,9970,23/10/2021,23,10,2021,13286.0,143.0,Germany,DE,DEU,83166711,Europe
626,365,9969,24/10/2021,24,10,2021,5178.0,58.0,Germany,DE,DEU,83166711,Europe
627,364,9968,25/10/2021,25,10,2021,11873.0,162.0,Germany,DE,DEU,83166711,Europe
628,363,9967,26/10/2021,26,10,2021,26380.0,204.0,Germany,DE,DEU,83166711,Europe
629,362,9966,27/10/2021,27,10,2021,27298.0,219.0,Germany,DE,DEU,83166711,Europe
630,361,9965,28/10/2021,28,10,2021,24356.0,230.0,Germany,DE,DEU,83166711,Europe
631,360,9964,29/10/2021,29,10,2021,22574.0,202.0,Germany,DE,DEU,83166711,Europe
632,359,9963,30/10/2021,30,10,2021,17078.0,148.0,Germany,DE,DEU,83166711,Europe
633,358,9962,31/10/2021,31,10,2021,7452.0,108.0,Germany,DE,DEU,83166711,Europe
634,357,9961,01/11/2021,1,11,2021,11484.0,156.0,Germany,DE,DEU,83166711,Europe
635,356,9960,02/11/2021,2,11,2021,24399.0,299.0,Germany,DE,DEU,83166711,Europe
636,355,9959,03/11/2021,3,11,2021,36146.0,321.0,Germany,DE,DEU,83166711,Europe
637,354,9958,04/11/2021,4,11,2021,36462.0,311.0,Germany,DE,DEU,83166711,Europe
638,353,9957,05/11/2021,5,11,2021,33745.0,281.0,Germany,DE,DEU,83166711,Europe
639,352,9956,06/11/2021,6,11,2021,23769.0,172.0,Germany,DE,DEU,83166711,Europe
640,351,9955,07/11/2021,7,11,2021,11868.0,128.0,Germany,DE,DEU,83166711,Europe
641,350,9954,08/11/2021,8,11,2021,24287.0,296.0,Germany,DE,DEU,83166711,Europe
642,349,9953,09/11/2021,9,11,2021,47189.0,404.0,Germany,DE,DEU,83166711,Europe
643,348,9952,10/11/2021,10,11,2021,50844.0,365.0,Germany,DE,DEU,83166711,Europe
644,347,9951,11/11/2021,11,11,2021,49747.0,415.0,Germany,DE,DEU,83166711,Europe
645,346,9950,12/11/2021,12,11,2021,46082.0,347.0,Germany,DE,DEU,83166711,Europe
646,345,9949,13/11/2021,13,11,2021,33975.0,274.0,Germany,DE,DEU,83166711,Europe
647,344,9948,14/11/2021,14,11,2021,19037.0,176.0,Germany,DE,DEU,83166711,Europe
648,343,9947,15/11/2021,15,11,2021,34589.0,344.0,Germany,DE,DEU,83166711,Europe
649,342,9946,16/11/2021,16,11,2021,62991.0,480.0,Germany,DE,DEU,83166711,Europe
650,341,9945,17/11/2021,17,11,2021,63181.0,457.0,Germany,DE,DEU,83166711,Europe
651,340,9944,18/11/2021,18,11,2021,61235.0,495.0,Germany,DE,DEU,83166711,Europe
652,339,9943,19/11/2021,19,11,2021,62543.0,457.0,Germany,DE,DEU,83166711,Europe
653,338,9942,20/11/2021,20,11,2021,42335.0,252.0,Germany,DE,DEU,83166711,Europe
654,337,9941,21/11/2021,21,11,2021,24779.0,213.0,Germany,DE,DEU,83166711,Europe
655,336,9940,22/11/2021,22,11,2021,46622.0,472.0,Germany,DE,DEU,83166711,Europe
656,335,9939,23/11/2021,23,11,2021,74532.0,565.0,Germany,DE,DEU,83166711,Europe
657,334,9938,24/11/2021,24,11,2021,75731.0,519.0,Germany,DE,DEU,83166711,Europe
658,333,9937,25/11/2021,25,11,2021,71871.0,485.0,Germany,DE,DEU,83166711,Europe
659,332,9936,26/11/2021,26,11,2021,64085.0,483.0,Germany,DE,DEU,83166711,Europe
660,331,9935,27/11/2021,27,11,2021,44950.0,362.0,Germany,DE,DEU,83166711,Europe
661,330,9934,28/11/2021,28,11,2021,25532.0,193.0,Germany,DE,DEU,83166711,Europe
662,329,9933,29/11/2021,29,11,2021,44352.0,422.0,Germany,DE,DEU,83166711,Europe
663,328,9932,30/11/2021,30,11,2021,73608.0,506.0,Germany,DE,DEU,83166711,Europe
664,327,9931,01/12/2021,1,12,2021,74002.0,493.0,Germany,DE,DEU,83166711,Europe
665,326,9930,02/12/2021,2,12,2021,68021.0,476.0,Germany,DE,DEU,83166711,Europe
666,325,9929,03/12/2021,3,12,2021,62528.0,423.0,Germany,DE,DEU,83166711,Europe
667,324,9928,04/12/2021,4,12,2021,42498.0,319.0,Germany,DE,DEU,83166711,Europe
668,323,9927,05/12/2021,5,12,2021,23067.0,208.0,Germany,DE,DEU,83166711,Europe
669,322,9926,06/12/2021,6,12,2021,42518.0,404.0,Germany,DE,DEU,83166711,Europe
670,321,9925,07/12/2021,7,12,2021,69335.0,452.0,Germany,DE,DEU,83166711,Europe
671,320,9924,08/12/2021,8,12,2021,67197.0,443.0,Germany,DE,DEU,83166711,Europe
672,319,9923,09/12/2021,9,12,2021,57710.0,399.0,Germany,DE,DEU,83166711,Europe
673,318,9922,10/12/2021,10,12,2021,51140.0,387.0,Germany,DE,DEU,83166711,Europe
674,317,9921,11/12/2021,11,12,2021,34633.0,286.0,Germany,DE,DEU,83166711,Europe
675,316,9920,12/12/2021,12,12,2021,15536.0,140.0,Germany,DE,DEU,83166711,Europe
676,315,9919,13/12/2021,13,12,2021,31596.0,299.0,Germany,DE,DEU,83166711,Europe
677,314,9918,14/12/2021,14,12,2021,60230.0,397.0,Germany,DE,DEU,83166711,Europe
678,313,9917,15/12/2021,15,12,2021,52431.0,375.0,Germany,DE,DEU,83166711,Europe
679,312,9916,16/12/2021,16,12,2021,47278.0,318.0,Germany,DE,DEU,83166711,Europe
680,311,9915,17/12/2021,17,12,2021,41273.0,306.0,Germany,DE,DEU,83166711,Europe
681,310,9914,18/12/2021,18,12,2021,28515.0,181.0,Germany,DE,DEU,83166711,Europe
682,309,9913,19/12/2021,19,12,2021,12233.0,110.0,Germany,DE,DEU,83166711,Europe
683,308,9912,20/12/2021,20,12,2021,26960.0,230.0,Germany,DE,DEU,83166711,Europe
684,307,9911,21/12/2021,21,12,2021,48253.0,293.0,Germany,DE,DEU,83166711,Europe
685,306,9910,22/12/2021,22,12,2021,40917.0,249.0,Germany,DE,DEU,83166711,Europe
686,305,9909,23/12/2021,23,12,2021,34988.0,219.0,Germany,DE,DEU,83166711,Europe
687,304,9908,24/12/2021,24,12,2021,21903.0,130.0,Germany,DE,DEU,83166711,Europe
688,303,9907,25/12/2021,25,12,2021,10426.0,80.0,Germany,DE,DEU,83166711,Europe
689,302,9906,26/12/2021,26,12,2021,10406.0,82.0,Germany,DE,DEU,83166711,Europe
690,301,9905,27/12/2021,27,12,2021,24483.0,174.0,Germany,DE,DEU,83166711,Europe
691,300,9904,28/12/2021,28,12,2021,43342.0,227.0,Germany,DE,DEU,83166711,Europe
692,299,9903,29/12/2021,29,12,2021,41664.0,197.0,Germany,DE,DEU,83166711,Europe
693,298,9902,30/12/2021,30,12,2021,41449.0,195.0,Germany,DE,DEU,83166711,Europe
694,297,9901,31/12/2021,31,12,2021,28955.0,111.0,Germany,DE,DEU,83166711,Europe
695,296,9900,01/01/2022,1,1,2022,14221.0,57.0,Germany,DE,DEU,83166711,Europe
696,295,9899,02/01/2022,2,1,2022,14569.0,66.0,Germany,DE,DEU,83166711,Europe
697,294,9898,03/01/2022,3,1,2022,35964.0,156.0,Germany,DE,DEU,83166711,Europe
698,293,9897,04/01/2022,4,1,2022,64493.0,192.0,Germany,DE,DEU,83166711,Europe
699,292,9896,05/01/2022,5,1,2022,64490.0,153.0,Germany,DE,DEU,83166711,Europe
700,291,9895,06/01/2022,6,1,2022,56308.0,121.0,Germany,DE,DEU,83166711,Europe
701,290,9894,07/01/2022,7,1,2022,55932.0,120.0,Germany,DE,DEU,83166711,Europe
702,289,9893,08/01/2022,8,1,2022,37055.0,71.0,Germany,DE,DEU,83166711,Europe
703,288,9892,09/01/2022,9,1,2022,23748.0,45.0,Germany,DE,DEU,83166711,Europe
704,287,9891,10/01/2022,10,1,2022,53748.0,98.0,Germany,DE,DEU,83166711,Europe
705,286,9890,11/01/2022,11,1,2022,86109.0,122.0,Germany,DE,DEU,83166711,Europe
706,285,9889,12/01/2022,12,1,2022,88406.0,115.0,Germany,DE,DEU,83166711,Europe
707,284,9888,13/01/2022,13,1,2022,84088.0,110.0,Germany,DE,DEU,83166711,Europe
708,283,9887,14/01/2022,14,1,2022,80793.0,108.0,Germany,DE,DEU,83166711,Europe
709,282,9886,15/01/2022,15,1,2022,57171.0,83.0,Germany,DE,DEU,83166711,Europe
710,281,9885,16/01/2022,16,1,2022,35628.0,52.0,Germany,DE,DEU,83166711,Europe
711,280,9884,17/01/2022,17,1,2022,82785.0,146.0,Germany,DE,DEU,83166711,Europe
712,279,9883,18/01/2022,18,1,2022,126717.0,130.0,Germany,DE,DEU,83166711,Europe
713,278,9882,19/01/2022,19,1,2022,140146.0,127.0,Germany,DE,DEU,83166711,Europe
714,277,9881,20/01/2022,20,1,2022,144602.0,144.0,Germany,DE,DEU,83166711,Europe
715,276,9880,21/01/2022,21,1,2022,144056.0,136.0,Germany,DE,DEU,83166711,Europe
716,275,9879,22/01/2022,22,1,2022,96232.0,101.0,Germany,DE,DEU,83166711,Europe
717,274,9878,23/01/2022,23,1,2022,61888.0,77.0,Germany,DE,DEU,83166711,Europe
718,273,9877,24/01/2022,24,1,2022,139285.0,162.0,Germany,DE,DEU,83166711,Europe
719,272,9876,25/01/2022,25,1,2022,193491.0,186.0,Germany,DE,DEU,83166711,Europe
720,271,9875,26/01/2022,26,1,2022,194723.0,176.0,Germany,DE,DEU,83166711,Europe
721,270,9874,27/01/2022,27,1,2022,198908.0,173.0,Germany,DE,DEU,83166711,Europe
722,269,9873,28/01/2022,28,1,2022,187664.0,180.0,Germany,DE,DEU,83166711,Europe
723,268,9872,29/01/2022,29,1,2022,124369.0,140.0,Germany,DE,DEU,83166711,Europe
724,267,9871,30/01/2022,30,1,2022,74541.0,82.0,Germany,DE,DEU,83166711,Europe
725,266,9870,31/01/2022,31,1,2022,158780.0,214.0,Germany,DE,DEU,83166711,Europe
726,265,9869,01/02/2022,1,2,2022,230639.0,254.0,Germany,DE,DEU,83166711,Europe
727,264,9868,02/02/2022,2,2,2022,239466.0,269.0,Germany,DE,DEU,83166711,Europe
728,263,9867,03/02/2022,3,2,2022,237351.0,240.0,Germany,DE,DEU,83166711,Europe
729,262,9866,04/02/2022,4,2,2022,209898.0,230.0,Germany,DE,DEU,83166711,Europe
730,261,9865,05/02/2022,5,2,2022,133343.0,161.0,Germany,DE,DEU,83166711,Europe
731,260,9864,06/02/2022,6,2,2022,82839.0,106.0,Germany,DE,DEU,83166711,Europe
732,259,9863,07/02/2022,7,2,2022,178273.0,251.0,Germany,DE,DEU,83166711,Europe
733,258,9862,08/02/2022,8,2,2022,251099.0,302.0,Germany,DE,DEU,83166711,Europe
734,257,9861,09/02/2022,9,2,2022,247544.0,290.0,Germany,DE,DEU,83166711,Europe
735,256,9860,10/02/2022,10,2,2022,229823.0,301.0,Germany,DE,DEU,83166711,Europe
736,255,9859,11/02/2022,11,2,2022,206337.0,247.0,Germany,DE,DEU,83166711,Europe
737,254,9858,12/02/2022,12,2,2022,122318.0,169.0,Germany,DE,DEU,83166711,Europe
738,253,9857,13/02/2022,13,2,2022,74099.0,114.0,Germany,DE,DEU,83166711,Europe
739,252,9856,14/02/2022,14,2,2022,158480.0,242.0,Germany,DE,DEU,83166711,Europe
740,251,9855,15/02/2022,15,2,2022,228936.0,293.0,Germany,DE,DEU,83166711,Europe
741,250,9854,16/02/2022,16,2,2022,230341.0,312.0,Germany,DE,DEU,83166711,Europe
742,249,9853,17/02/2022,17,2,2022,213342.0,329.0,Germany,DE,DEU,83166711,Europe
743,248,9852,18/02/2022,18,2,2022,178600.0,251.0,Germany,DE,DEU,83166711,Europe
744,247,9851,19/02/2022,19,2,2022,119561.0,184.0,Germany,DE,DEU,83166711,Europe
745,246,9850,20/02/2022,20,2,2022,64252.0,106.0,Germany,DE,DEU,83166711,Europe
746,245,9849,21/02/2022,21,2,2022,139691.0,250.0,Germany,DE,DEU,83166711,Europe
747,244,9848,22/02/2022,22,2,2022,218680.0,287.0,Germany,DE,DEU,83166711,Europe
748,243,9847,23/02/2022,23,2,2022,208514.0,290.0,Germany,DE,DEU,83166711,Europe
749,242,9846,24/02/2022,24,2,2022,190216.0,258.0,Germany,DE,DEU,83166711,Europe
750,241,9845,25/02/2022,25,2,2022,171840.0,251.0,Germany,DE,DEU,83166711,Europe
751,240,9844,26/02/2022,26,2,2022,108566.0,150.0,Germany,DE,DEU,83166711,Europe
752,239,9843,27/02/2022,27,2,2022,55466.0,88.0,Germany,DE,DEU,83166711,Europe
753,238,9842,28/02/2022,28,2,2022,128725.0,211.0,Germany,DE,DEU,83166711,Europe
754,237,9841,01/03/2022,1,3,2022,193964.0,283.0,Germany,DE,DEU,83166711,Europe
755,236,9840,02/03/2022,2,3,2022,205540.0,284.0,Germany,DE,DEU,83166711,Europe
756,235,9839,03/03/2022,3,3,2022,212470.0,275.0,Germany,DE,DEU,83166711,Europe
757,234,9838,04/03/2022,4,3,2022,190284.0,241.0,Germany,DE,DEU,83166711,Europe
758,233,9837,05/03/2022,5,3,2022,122150.0,137.0,Germany,DE,DEU,83166711,Europe
759,232,9836,06/03/2022,6,3,2022,79389.0,120.0,Germany,DE,DEU,83166711,Europe
760,231,9835,07/03/2022,7,3,2022,165482.0,274.0,Germany,DE,DEU,83166711,Europe
761,230,9834,08/03/2022,8,3,2022,247371.0,281.0,Germany,DE,DEU,83166711,Europe
762,229,9833,09/03/2022,9,3,2022,261300.0,308.0,Germany,DE,DEU,83166711,Europe
763,228,9832,10/03/2022,10,3,2022,254158.0,280.0,Germany,DE,DEU,83166711,Europe
764,227,9831,11/03/2022,11,3,2022,238451.0,320.0,Germany,DE,DEU,83166711,Europe
765,226,9830,12/03/2022,12,3,2022,155627.0,166.0,Germany,DE,DEU,83166711,Europe
766,225,9829,13/03/2022,13,3,2022,88802.0,98.0,Germany,DE,DEU,83166711,Europe
767,224,9828,14/03/2022,14,3,2022,207870.0,272.0,Germany,DE,DEU,83166711,Europe
768,223,9827,15/03/2022,15,3,2022,285044.0,334.0,Germany,DE,DEU,83166711,Europe
769,222,9826,16/03/2022,16,3,2022,307363.0,358.0,Germany,DE,DEU,83166711,Europe
770,221,9825,17/03/2022,17,3,2022,294873.0,355.0,Germany,DE,DEU,83166711,Europe
771,220,9824,18/03/2022,18,3,2022,254601.0,292.0,Germany,DE,DEU,83166711,Europe
772,219,9823,19/03/2022,19,3,2022,142950.0,159.0,Germany,DE,DEU,83166711,Europe
773,218,9822,20/03/2022,20,3,2022,89039.0,94.0,Germany,DE,DEU,83166711,Europe
774,217,9821,21/03/2022,21,3,2022,237805.0,321.0,Germany,DE,DEU,83166711,Europe
775,216,9820,22/03/2022,22,3,2022,304776.0,336.0,Germany,DE,DEU,83166711,Europe
776,215,9819,23/03/2022,23,3,2022,307914.0,303.0,Germany,DE,DEU,83166711,Europe
777,214,9818,24/03/2022,24,3,2022,286335.0,290.0,Germany,DE,DEU,83166711,Europe
778,213,9817,25/03/2022,25,3,2022,244257.0,281.0,Germany,DE,DEU,83166711,Europe
779,212,9816,26/03/2022,26,3,2022,138113.0,160.0,Germany,DE,DEU,83166711,Europe
780,211,9815,27/03/2022,27,3,2022,69581.0,114.0,Germany,DE,DEU,83166711,Europe
781,210,9814,28/03/2022,28,3,2022,206859.0,254.0,Germany,DE,DEU,83166711,Europe
782,209,9813,29/03/2022,29,3,2022,274406.0,272.0,Germany,DE,DEU,83166711,Europe
783,208,9812,30/03/2022,30,3,2022,260007.0,274.0,Germany,DE,DEU,83166711,Europe
784,207,9811,31/03/2022,31,3,2022,231939.0,260.0,Germany,DE,DEU,83166711,Europe
785,206,9810,01/04/2022,1,4,2022,182224.0,242.0,Germany,DE,DEU,83166711,Europe
786,205,9809,02/04/2022,2,4,2022,93050.0,105.0,Germany,DE,DEU,83166711,Europe
787,204,9808,03/04/2022,3,4,2022,46453.0,58.0,Germany,DE,DEU,83166711,Europe
788,203,9807,04/04/2022,4,4,2022,155236.0,238.0,Germany,DE,DEU,83166711,Europe
789,202,9806,05/04/2022,5,4,2022,211118.0,252.0,Germany,DE,DEU,83166711,Europe
790,201,9805,06/04/2022,6,4,2022,189019.0,235.0,Germany,DE,DEU,83166711,Europe
791,200,9804,07/04/2022,7,4,2022,167934.0,213.0,Germany,DE,DEU,83166711,Europe
792,199,9803,08/04/2022,8,4,2022,142918.0,171.0,Germany,DE,DEU,83166711,Europe
793,198,9802,09/04/2022,9,4,2022,76002.0,86.0,Germany,DE,DEU,83166711,Europe
794,197,9801,10/04/2022,10,4,2022,42614.0,55.0,Germany,DE,DEU,83166711,Europe
795,196,9800,11/04/2022,11,4,2022,140439.0,212.0,Germany,DE,DEU,83166711,Europe
796,195,9799,12/04/2022,12,4,2022,182800.0,198.0,Germany,DE,DEU,83166711,Europe
797,194,9798,13/04/2022,13,4,2022,158906.0,171.0,Germany,DE,DEU,83166711,Europe
798,193,9797,14/04/2022,14,4,2022,150818.0,191.0,Germany,DE,DEU,83166711,Europe
799,192,9796,15/04/2022,15,4,2022,60928.0,71.0,Germany,DE,DEU,83166711,Europe
800,191,9795,16/04/2022,16,4,2022,51720.0,61.0,Germany,DE,DEU,83166711,Europe
801,190,9794,17/04/2022,17,4,2022,34145.0,50.0,Germany,DE,DEU,83166711,Europe
802,189,9793,18/04/2022,18,4,2022,36773.0,60.0,Germany,DE,DEU,83166711,Europe
803,188,9792,19/04/2022,19,4,2022,158772.0,218.0,Germany,DE,DEU,83166711,Europe
804,187,9791,20/04/2022,20,4,2022,179792.0,179.0,Germany,DE,DEU,83166711,Europe
805,186,9790,21/04/2022,21,4,2022,156065.0,145.0,Germany,DE,DEU,83166711,Europe
806,185,9789,22/04/2022,22,4,2022,119693.0,111.0,Germany,DE,DEU,83166711,Europe
807,184,9788,23/04/2022,23,4,2022,54455.0,50.0,Germany,DE,DEU,83166711,Europe
808,183,9787,24/04/2022,24,4,2022,27019.0,24.0,Germany,DE,DEU,83166711,Europe
809,182,9786,25/04/2022,25,4,2022,119019.0,171.0,Germany,DE,DEU,83166711,Europe
810,181,9785,26/04/2022,26,4,2022,139534.0,128.0,Germany,DE,DEU,83166711,Europe
811,180,9784,27/04/2022,27,4,2022,115774.0,125.0,Germany,DE,DEU,83166711,Europe
812,179,9783,28/04/2022,28,4,2022,94781.0,103.0,Germany,DE,DEU,83166711,Europe
813,178,9782,29/04/2022,29,4,2022,78281.0,80.0,Germany,DE,DEU,83166711,Europe
814,177,9781,30/04/2022,30,4,2022,33910.0,34.0,Germany,DE,DEU,83166711,Europe
815,176,9780,01/05/2022,1,5,2022,15769.0,18.0,Germany,DE,DEU,83166711,Europe
816,175,9779,02/05/2022,2,5,2022,87116.0,133.0,Germany,DE,DEU,83166711,Europe
817,174,9778,03/05/2022,3,5,2022,106908.0,106.0,Germany,DE,DEU,83166711,Europe
818,173,9777,04/05/2022,4,5,2022,89794.0,91.0,Germany,DE,DEU,83166711,Europe
819,172,9776,05/05/2022,5,5,2022,80523.0,81.0,Germany,DE,DEU,83166711,Europe
820,171,9775,06/05/2022,6,5,2022,67318.0,66.0,Germany,DE,DEU,83166711,Europe
821,170,9774,07/05/2022,7,5,2022,26868.0,24.0,Germany,DE,DEU,83166711,Europe
822,169,9773,08/05/2022,8,5,2022,13257.0,22.0,Germany,DE,DEU,83166711,Europe
823,168,9772,09/05/2022,9,5,2022,84990.0,88.0,Germany,DE,DEU,83166711,Europe
824,167,9771,10/05/2022,10,5,2022,94975.0,92.0,Germany,DE,DEU,83166711,Europe
825,166,9770,11/05/2022,11,5,2022,77462.0,65.0,Germany,DE,DEU,83166711,Europe
826,165,9769,12/05/2022,12,5,2022,65095.0,68.0,Germany,DE,DEU,83166711,Europe
827,164,9768,13/05/2022,13,5,2022,56921.0,59.0,Germany,DE,DEU,83166711,Europe
828,163,9767,14/05/2022,14,5,2022,20063.0,20.0,Germany,DE,DEU,83166711,Europe
829,162,9766,15/05/2022,15,5,2022,9605.0,9.0,Germany,DE,DEU,83166711,Europe
830,161,9765,16/05/2022,16,5,2022,65789.0,80.0,Germany,DE,DEU,83166711,Europe
831,160,9764,17/05/2022,17,5,2022,68202.0,65.0,Germany,DE,DEU,83166711,Europe
832,159,9763,18/05/2022,18,5,2022,53791.0,65.0,Germany,DE,DEU,83166711,Europe
833,158,9762,19/05/2022,19,5,2022,44359.0,49.0,Germany,DE,DEU,83166711,Europe
834,157,9761,20/05/2022,20,5,2022,39969.0,34.0,Germany,DE,DEU,83166711,Europe
835,156,9760,21/05/2022,21,5,2022,13765.0,19.0,Germany,DE,DEU,83166711,Europe
836,155,9759,22/05/2022,22,5,2022,6921.0,10.0,Germany,DE,DEU,83166711,Europe
837,154,9758,23/05/2022,23,5,2022,47128.0,76.0,Germany,DE,DEU,83166711,Europe
838,153,9757,24/05/2022,24,5,2022,46688.0,50.0,Germany,DE,DEU,83166711,Europe
839,152,9756,25/05/2022,25,5,2022,35354.0,37.0,Germany,DE,DEU,83166711,Europe
840,151,9755,26/05/2022,26,5,2022,8319.0,6.0,Germany,DE,DEU,83166711,Europe
841,150,9754,27/05/2022,27,5,2022,32641.0,23.0,Germany,DE,DEU,83166711,Europe
842,149,9753,28/05/2022,28,5,2022,10613.0,7.0,Germany,DE,DEU,83166711,Europe
843,148,9752,29/05/2022,29,5,2022,6427.0,7.0,Germany,DE,DEU,83166711,Europe
844,147,9751,30/05/2022,30,5,2022,46949.0,47.0,Germany,DE,DEU,83166711,Europe
845,146,9750,31/05/2022,31,5,2022,51542.0,47.0,Germany,DE,DEU,83166711,Europe
846,145,9749,01/06/2022,1,6,2022,44851.0,41.0,Germany,DE,DEU,83166711,Europe
847,144,9748,02/06/2022,2,6,2022,42397.0,32.0,Germany,DE,DEU,83166711,Europe
848,143,9747,03/06/2022,3,6,2022,39409.0,29.0,Germany,DE,DEU,83166711,Europe
849,142,9746,04/06/2022,4,6,2022,12767.0,6.0,Germany,DE,DEU,83166711,Europe
850,141,9745,05/06/2022,5,6,2022,7090.0,13.0,Germany,DE,DEU,83166711,Europe
851,140,9744,06/06/2022,6,6,2022,9336.0,9.0,Germany,DE,DEU,83166711,Europe
852,139,9743,07/06/2022,7,6,2022,71208.0,77.0,Germany,DE,DEU,83166711,Europe
853,138,9742,08/06/2022,8,6,2022,82043.0,61.0,Germany,DE,DEU,83166711,Europe
854,137,9741,09/06/2022,9,6,2022,71288.0,43.0,Germany,DE,DEU,83166711,Europe
855,136,9740,10/06/2022,10,6,2022,65294.0,55.0,Germany,DE,DEU,83166711,Europe
856,135,9739,11/06/2022,11,6,2022,19683.0,12.0,Germany,DE,DEU,83166711,Europe
857,134,9738,12/06/2022,12,6,2022,12208.0,13.0,Germany,DE,DEU,83166711,Europe
858,133,9737,13/06/2022,13,6,2022,87059.0,85.0,Germany,DE,DEU,83166711,Europe
859,132,9736,14/06/2022,14,6,2022,93670.0,77.0,Germany,DE,DEU,83166711,Europe
860,131,9735,15/06/2022,15,6,2022,81820.0,77.0,Germany,DE,DEU,83166711,Europe
861,130,9734,16/06/2022,16,6,2022,37139.0,33.0,Germany,DE,DEU,83166711,Europe
862,129,9733,17/06/2022,17,6,2022,77363.0,78.0,Germany,DE,DEU,83166711,Europe
863,128,9732,18/06/2022,18,6,2022,23124.0,18.0,Germany,DE,DEU,83166711,Europe
864,127,9731,19/06/2022,19,6,2022,13097.0,19.0,Germany,DE,DEU,83166711,Europe
865,126,9730,20/06/2022,20,6,2022,105412.0,128.0,Germany,DE,DEU,83166711,Europe
866,125,9729,21/06/2022,21,6,2022,124751.0,95.0,Germany,DE,DEU,83166711,Europe
867,124,9728,22/06/2022,22,6,2022,113631.0,78.0,Germany,DE,DEU,83166711,Europe
868,123,9727,23/06/2022,23,6,2022,101458.0,91.0,Germany,DE,DEU,83166711,Europe
869,122,9726,24/06/2022,24,6,2022,87156.0,96.0,Germany,DE,DEU,83166711,Europe
870,121,9725,25/06/2022,25,6,2022,27072.0,36.0,Germany,DE,DEU,83166711,Europe
871,120,9724,26/06/2022,26,6,2022,14628.0,24.0,Germany,DE,DEU,83166711,Europe
872,119,9723,27/06/2022,27,6,2022,116847.0,135.0,Germany,DE,DEU,83166711,Europe
873,118,9722,28/06/2022,28,6,2022,138049.0,133.0,Germany,DE,DEU,83166711,Europe
874,117,9721,29/06/2022,29,6,2022,125230.0,102.0,Germany,DE,DEU,83166711,Europe
875,116,9720,30/06/2022,30,6,2022,110264.0,94.0,Germany,DE,DEU,83166711,Europe
876,115,9719,01/07/2022,1,7,2022,94903.0,86.0,Germany,DE,DEU,83166711,Europe
877,114,9718,02/07/2022,2,7,2022,23788.0,20.0,Germany,DE,DEU,83166711,Europe
878,113,9717,03/07/2022,3,7,2022,13479.0,18.0,Germany,DE,DEU,83166711,Europe
879,112,9716,04/07/2022,4,7,2022,120789.0,137.0,Germany,DE,DEU,83166711,Europe
880,111,9715,05/07/2022,5,7,2022,136713.0,125.0,Germany,DE,DEU,83166711,Europe
881,110,9714,06/07/2022,6,7,2022,127495.0,131.0,Germany,DE,DEU,83166711,Europe
882,109,9713,07/07/2022,7,7,2022,110875.0,100.0,Germany,DE,DEU,83166711,Europe
883,108,9712,08/07/2022,8,7,2022,95512.0,98.0,Germany,DE,DEU,83166711,Europe
884,107,9711,09/07/2022,9,7,2022,23457.0,47.0,Germany,DE,DEU,83166711,Europe
885,106,9710,10/07/2022,10,7,2022,14199.0,28.0,Germany,DE,DEU,83166711,Europe
886,105,9709,11/07/2022,11,7,2022,131125.0,187.0,Germany,DE,DEU,83166711,Europe
887,104,9708,12/07/2022,12,7,2022,144721.0,196.0,Germany,DE,DEU,83166711,Europe
888,103,9707,13/07/2022,13,7,2022,135559.0,151.0,Germany,DE,DEU,83166711,Europe
889,102,9706,14/07/2022,14,7,2022,116891.0,154.0,Germany,DE,DEU,83166711,Europe
890,101,9705,15/07/2022,15,7,2022,108439.0,148.0,Germany,DE,DEU,83166711,Europe
891,100,9704,16/07/2022,16,7,2022,25217.0,36.0,Germany,DE,DEU,83166711,Europe
892,99,9703,17/07/2022,17,7,2022,13089.0,31.0,Germany,DE,DEU,83166711,Europe
893,98,9702,18/07/2022,18,7,2022,134470.0,227.0,Germany,DE,DEU,83166711,Europe
894,97,9701,19/07/2022,19,7,2022,143375.0,195.0,Germany,DE,DEU,83166711,Europe
895,96,9700,20/07/2022,20,7,2022,122098.0,194.0,Germany,DE,DEU,83166711,Europe
896,95,9699,21/07/2022,21,7,2022,103635.0,200.0,Germany,DE,DEU,83166711,Europe
897,94,9698,22/07/2022,22,7,2022,89449.0,166.0,Germany,DE,DEU,83166711,Europe
898,93,9697,23/07/2022,23,7,2022,22176.0,27.0,Germany,DE,DEU,83166711,Europe
899,92,9696,24/07/2022,24,7,2022,11879.0,43.0,Germany,DE,DEU,83166711,Europe
900,91,9695,25/07/2022,25,7,2022,120256.0,279.0,Germany,DE,DEU,83166711,Europe
901,90,9694,26/07/2022,26,7,2022,118105.0,176.0,Germany,DE,DEU,83166711,Europe
902,89,9693,27/07/2022,27,7,2022,96143.0,172.0,Germany,DE,DEU,83166711,Europe
903,88,9692,28/07/2022,28,7,2022,75347.0,149.0,Germany,DE,DEU,83166711,Europe
904,87,9691,29/07/2022,29,7,2022,62115.0,120.0,Germany,DE,DEU,83166711,Europe
905,86,9690,30/07/2022,30,7,2022,15670.0,25.0,Germany,DE,DEU,83166711,Europe
906,85,9689,31/07/2022,31,7,2022,7989.0,26.0,Germany,DE,DEU,83166711,Europe
907,84,9688,01/08/2022,1,8,2022,84158.0,199.0,Germany,DE,DEU,83166711,Europe
908,83,9687,02/08/2022,2,8,2022,84437.0,125.0,Germany,DE,DEU,83166711,Europe
909,82,9686,03/08/2022,3,8,2022,68891.0,123.0,Germany,DE,DEU,83166711,Europe
910,81,9685,04/08/2022,4,8,2022,56227.0,122.0,Germany,DE,DEU,83166711,Europe
911,80,9684,05/08/2022,5,8,2022,48691.0,99.0,Germany,DE,DEU,83166711,Europe
912,79,9683,06/08/2022,6,8,2022,13444.0,26.0,Germany,DE,DEU,83166711,Europe
913,78,9682,07/08/2022,7,8,2022,7192.0,20.0,Germany,DE,DEU,83166711,Europe
914,77,9681,08/08/2022,8,8,2022,66204.0,145.0,Germany,DE,DEU,83166711,Europe
915,76,9680,09/08/2022,9,8,2022,67486.0,97.0,Germany,DE,DEU,83166711,Europe
916,75,9679,10/08/2022,10,8,2022,55937.0,103.0,Germany,DE,DEU,83166711,Europe
917,74,9678,11/08/2022,11,8,2022,47400.0,85.0,Germany,DE,DEU,83166711,Europe
918,73,9677,12/08/2022,12,8,2022,43537.0,86.0,Germany,DE,DEU,83166711,Europe
919,72,9676,13/08/2022,13,8,2022,11142.0,18.0,Germany,DE,DEU,83166711,Europe
920,71,9675,14/08/2022,14,8,2022,6530.0,19.0,Germany,DE,DEU,83166711,Europe
921,70,9674,15/08/2022,15,8,2022,54476.0,121.0,Germany,DE,DEU,83166711,Europe
922,69,9673,16/08/2022,16,8,2022,63137.0,120.0,Germany,DE,DEU,83166711,Europe
923,68,9672,17/08/2022,17,8,2022,52408.0,106.0,Germany,DE,DEU,83166711,Europe
924,67,9671,18/08/2022,18,8,2022,42889.0,80.0,Germany,DE,DEU,83166711,Europe
925,66,9670,19/08/2022,19,8,2022,35672.0,54.0,Germany,DE,DEU,83166711,Europe
926,65,9669,20/08/2022,20,8,2022,9704.0,13.0,Germany,DE,DEU,83166711,Europe
927,64,9668,21/08/2022,21,8,2022,5087.0,13.0,Germany,DE,DEU,83166711,Europe
928,63,9667,22/08/2022,22,8,2022,50463.0,102.0,Germany,DE,DEU,83166711,Europe
929,62,9666,23/08/2022,23,8,2022,52037.0,66.0,Germany,DE,DEU,83166711,Europe
930,61,9665,24/08/2022,24,8,2022,44133.0,62.0,Germany,DE,DEU,83166711,Europe
931,60,9664,25/08/2022,25,8,2022,35836.0,44.0,Germany,DE,DEU,83166711,Europe
932,59,9663,26/08/2022,26,8,2022,32353.0,50.0,Germany,DE,DEU,83166711,Europe
933,58,9662,27/08/2022,27,8,2022,8092.0,15.0,Germany,DE,DEU,83166711,Europe
934,57,9661,28/08/2022,28,8,2022,4885.0,15.0,Germany,DE,DEU,83166711,Europe
935,56,9660,29/08/2022,29,8,2022,46152.0,77.0,Germany,DE,DEU,83166711,Europe
936,55,9659,30/08/2022,30,8,2022,47500.0,60.0,Germany,DE,DEU,83166711,Europe
937,54,9658,31/08/2022,31,8,2022,36868.0,57.0,Germany,DE,DEU,83166711,Europe
938,53,9657,01/09/2022,1,9,2022,30393.0,35.0,Germany,DE,DEU,83166711,Europe
939,52,9656,02/09/2022,2,9,2022,28673.0,36.0,Germany,DE,DEU,83166711,Europe
940,51,9655,03/09/2022,3,9,2022,7893.0,21.0,Germany,DE,DEU,83166711,Europe
941,50,9654,04/09/2022,4,9,2022,4116.0,11.0,Germany,DE,DEU,83166711,Europe
942,49,9653,05/09/2022,5,9,2022,42893.0,72.0,Germany,DE,DEU,83166711,Europe
943,48,9652,06/09/2022,6,9,2022,45902.0,46.0,Germany,DE,DEU,83166711,Europe
944,47,9651,07/09/2022,7,9,2022,39440.0,39.0,Germany,DE,DEU,83166711,Europe
945,46,9650,08/09/2022,8,9,2022,33650.0,33.0,Germany,DE,DEU,83166711,Europe
946,45,9649,09/09/2022,9,9,2022,30287.0,43.0,Germany,DE,DEU,83166711,Europe
947,44,9648,10/09/2022,10,9,2022,7525.0,8.0,Germany,DE,DEU,83166711,Europe
948,43,9647,11/09/2022,11,9,2022,4331.0,12.0,Germany,DE,DEU,83166711,Europe
949,42,9646,12/09/2022,12,9,2022,47135.0,81.0,Germany,DE,DEU,83166711,Europe
950,41,9645,13/09/2022,13,9,2022,51595.0,54.0,Germany,DE,DEU,83166711,Europe
951,40,9644,14/09/2022,14,9,2022,42863.0,43.0,Germany,DE,DEU,83166711,Europe
952,39,9643,15/09/2022,15,9,2022,39311.0,38.0,Germany,DE,DEU,83166711,Europe
953,38,9642,16/09/2022,16,9,2022,34963.0,39.0,Germany,DE,DEU,83166711,Europe
954,37,9641,17/09/2022,17,9,2022,8097.0,7.0,Germany,DE,DEU,83166711,Europe
955,36,9640,18/09/2022,18,9,2022,4892.0,10.0,Germany,DE,DEU,83166711,Europe
956,35,9639,19/09/2022,19,9,2022,54920.0,89.0,Germany,DE,DEU,83166711,Europe
957,34,9638,20/09/2022,20,9,2022,58339.0,67.0,Germany,DE,DEU,83166711,Europe
958,33,9637,21/09/2022,21,9,2022,53831.0,62.0,Germany,DE,DEU,83166711,Europe
959,32,9636,22/09/2022,22,9,2022,49433.0,48.0,Germany,DE,DEU,83166711,Europe
960,31,9635,23/09/2022,23,9,2022,48095.0,45.0,Germany,DE,DEU,83166711,Europe
961,30,9634,24/09/2022,24,9,2022,13572.0,22.0,Germany,DE,DEU,83166711,Europe
962,29,9633,25/09/2022,25,9,2022,8221.0,16.0,Germany,DE,DEU,83166711,Europe
963,28,9632,26/09/2022,26,9,2022,81196.0,134.0,Germany,DE,DEU,83166711,Europe
964,27,9631,27/09/2022,27,9,2022,100122.0,113.0,Germany,DE,DEU,83166711,Europe
965,26,9630,28/09/2022,28,9,2022,92365.0,109.0,Germany,DE,DEU,83166711,Europe
966,25,9629,29/09/2022,29,9,2022,78259.0,90.0,Germany,DE,DEU,83166711,Europe
967,24,9628,30/09/2022,30,9,2022,73911.0,71.0,Germany,DE,DEU,83166711,Europe
968,23,9627,01/10/2022,1,10,2022,20703.0,23.0,Germany,DE,DEU,83166711,Europe
969,22,9626,02/10/2022,2,10,2022,11301.0,14.0,Germany,DE,DEU,83166711,Europe
970,21,9625,03/10/2022,3,10,2022,14276.0,25.0,Germany,DE,DEU,83166711,Europe
971,20,9624,04/10/2022,4,10,2022,126874.0,193.0,Germany,DE,DEU,83166711,Europe
972,19,9623,05/10/2022,5,10,2022,150089.0,147.0,Germany,DE,DEU,83166711,Europe
973,18,9622,06/10/2022,6,10,2022,142402.0,151.0,Germany,DE,DEU,83166711,Europe
974,17,9621,07/10/2022,7,10,2022,114979.0,98.0,Germany,DE,DEU,83166711,Europe
975,16,9620,08/10/2022,8,10,2022,26172.0,19.0,Germany,DE,DEU,83166711,Europe
976,15,9619,09/10/2022,9,10,2022,16648.0,22.0,Germany,DE,DEU,83166711,Europe
977,14,9618,10/10/2022,10,10,2022,144179.0,175.0,Germany,DE,DEU,83166711,Europe
978,13,9617,11/10/2022,11,10,2022,143199.0,107.0,Germany,DE,DEU,83166711,Europe
979,12,9616,12/10/2022,12,10,2022,124010.0,106.0,Germany,DE,DEU,83166711,Europe
980,11,9615,13/10/2022,13,10,2022,105803.0,93.0,Germany,DE,DEU,83166711,Europe
981,10,9614,14/10/2022,14,10,2022,90409.0,63.0,Germany,DE,DEU,83166711,Europe
982,9,9613,15/10/2022,15,10,2022,21551.0,14.0,Germany,DE,DEU,83166711,Europe
983,8,9612,16/10/2022,16,10,2022,12833.0,10.0,Germany,DE,DEU,83166711,Europe
984,7,9611,17/10/2022,17,10,2022,126052.0,78.0,Germany,DE,DEU,83166711,Europe
985,6,9610,18/10/2022,18,10,2022,127700.0,53.0,Germany,DE,DEU,83166711,Europe
986,5,9609,19/10/2022,19,10,2022,105716.0,46.0,Germany,DE,DEU,83166711,Europe
987,4,9608,20/10/2022,20,10,2022,83775.0,18.0,Germany,DE,DEU,83166711,Europe
988,3,9607,21/10/2022,21,10,2022,68084.0,14.0,Germany,DE,DEU,83166711,Europe
989,2,9606,22/10/2022,22,10,2022,15259.0,1.0,Germany,DE,DEU,83166711,Europe
990,1,9605,23/10/2022,23,10,2022,8662.0,1.0,Germany,DE,DEU,83166711,Europe
991,0,9604,24/10/2022,24,10,2022,65208.0,20.0,Germany,DE,DEU,83166711,Europe
